"ìùåvñºÅF","éûånóÒÉfÅ[É^ íjèóÅCîNóÓÅCîzãÙä÷åW"
"ï\î‘çÜÅF","2"
"ï\ëËÅF","îNóÓÅi5çŒäKãâÅjÅCíjèóï êlå˚ãyÇ—êlå˚ê´î‰ Å| ëSçëÅiëÂê≥9îNÅ`óﬂòa2îNÅj"
"é¿é{îNåéÅF","2020îN","-"

"***","ìñäYêîílÇ™Ç»Ç¢Ç‡ÇÃ"
"-","ìñäYêîílÇ™Ç»Ç¢Ç‡ÇÃ"

"","","","","","","/ï\èÕçÄñ⁄ ÉRÅ[Éh","020","020","020","024","024","024","1120"
"","","","","","","/ï\èÕçÄñ⁄ ï‚èïÉRÅ[Éh","-","-","-","-","-","-","-"
"","","","","","","/ï\èÕçÄñ⁄","êlå˚ÅyêlÅz","êlå˚ÅyêlÅz","êlå˚ÅyêlÅz","îNóÓÅCíjèóï äÑçáÅy%Åz","îNóÓÅCíjèóï äÑçáÅy%Åz","îNóÓÅCíjèóï äÑçáÅy%Åz","êlå˚ê´î‰"
"","","","","","","/íjèó_éûånóÒ ÉRÅ[Éh","100","110","120","100","110","120","100"
"","","","","","","/íjèó_éûånóÒ ï‚èïÉRÅ[Éh","-","-","-","-","-","-","-"
"éûä‘é≤Åií≤ç∏îNÅj ÉRÅ[Éh","éûä‘é≤Åií≤ç∏îNÅj ï‚èïÉRÅ[Éh","éûä‘é≤Åií≤ç∏îNÅj","îNóÓÅiÇTçŒäKãâÅj_éûånóÒ ÉRÅ[Éh","îNóÓÅiÇTçŒäKãâÅj_éûånóÒ ï‚èïÉRÅ[Éh","îNóÓÅiÇTçŒäKãâÅj_éûånóÒ","/íjèó_éûånóÒ","ëçêî","íj","èó","ëçêî","íj","èó","ëçêî"
"1920000000","","1920îN","100","","ëçêî","","55,963,053","28,044,185","27,918,868","100","50.1119640488","49.8880359511","100.448861322"
"1920000000","","1920îN","110","","ÇOÅ`ÇSçŒ","","7,457,715","3,752,627","3,705,088","13.3261403733","6.705543745","6.6205966282","101.2830734384"
"1920000000","","1920îN","120","","ÇTÅ`ÇXçŒ","","6,856,920","3,467,156","3,389,764","12.2525838609","6.1954375505","6.0571463104","102.2831087945"
"1920000000","","1920îN","130","","10Å`14çŒ","","6,101,567","3,089,225","3,012,342","10.9028487062","5.5201152088","5.3827334974","102.5522666417"
"1920000000","","1920îN","150","","15Å`19çŒ","","5,419,057","2,749,022","2,670,035","9.6832762143","4.9122087745","4.7710674397","102.9582758278"
"1920000000","","1920îN","160","","20Å`24çŒ","","4,609,310","2,316,479","2,292,831","8.2363447898","4.1393006203","4.0970441694","101.0313887067"
"1920000000","","1920îN","170","","25Å`29çŒ","","3,923,949","2,008,005","1,915,944","7.0116778653","3.588090521","3.4235873443","104.8049943004"
"1920000000","","1920îN","180","","30Å`34çŒ","","3,609,450","1,833,443","1,776,007","6.4497017344","3.2761668667","3.1735348677","103.2339962624"
"1920000000","","1920îN","190","","35Å`39çŒ","","3,410,738","1,707,771","1,702,967","6.0946246088","3.0516044219","3.0430201869","100.2820958949"
"1920000000","","1920îN","200","","40Å`44çŒ","","3,243,764","1,640,254","1,603,510","5.7962599002","2.9309587523","2.8653011478","102.2914730809"
"1920000000","","1920îN","210","","45Å`49çŒ","","2,658,567","1,340,404","1,318,163","4.7505753483","2.3951588202","2.3554165281","101.6872723631"
"1920000000","","1920îN","220","","50Å`54çŒ","","2,234,762","1,122,240","1,112,522","3.993281067","2.0053230476","1.9879580193","100.8735108159"
"1920000000","","1920îN","230","","55Å`59çŒ","","1,840,093","912,085","928,008","3.2880497066","1.6297985029","1.6582512037","98.2841742743"
"1920000000","","1920îN","240","","60Å`64çŒ","","1,655,805","803,033","852,772","2.9587467288","1.4349342234","1.5238125053","94.1673741633"
"1920000000","","1920îN","250","","65Å`69çŒ","","1,312,537","614,479","698,058","2.3453634668","1.0980083591","1.2473551076","88.0269261293"
"1920000000","","1920îN","260","","70Å`74çŒ","","896,618","399,540","497,078","1.6021606255","0.7139353172","0.8882253082","80.3777274391"
"1920000000","","1920îN","280","","75Å`79çŒ","","482,012","198,253","283,759","0.8613039749","0.3542569416","0.5070470333","69.8666826426"
"1920000000","","1920îN","290","","80Å`84çŒ","","174,183","65,473","108,710","0.3112464218","0.1169932598","0.1942531619","60.2272100082"
"1920000000","","1920îN","310","","85çŒà»è„","","76,006","24,696","51,310","0.1358146061","0.0441291149","0.0916854911","48.1309686221"
"1920000000","","1920îN","380","","ÅiçƒåfÅj15çŒñ¢ñû","","20,416,202","10,309,008","10,107,194","36.4815729406","18.4210965045","18.0604764361","101.9967361861"
"1920000000","","1920îN","390","","ÅiçƒåfÅj15Å`64çŒ","","32,605,495","16,432,736","16,172,759","58.2625379641","29.3635445514","28.8989934126","101.6074993759"
"1920000000","","1920îN","400","","ÅiçƒåfÅj65çŒà»è„","","2,941,356","1,302,441","1,638,915","5.2558890952","2.3273229929","2.9285661023","79.4697101436"
"1925000000","","1925îN","100","","ëçêî","","59,736,822","30,013,109","29,723,713","100","50.2422258083","49.7577741916","100.9736199511"
"1925000000","","1925îN","110","","ÇOÅ`ÇSçŒ","","8,264,583","4,160,479","4,104,104","13.834989414","6.9646808462","6.8703085678","101.3736250348"
"1925000000","","1925îN","120","","ÇTÅ`ÇXçŒ","","6,924,432","3,491,171","3,433,261","11.5915640775","5.8442529801","5.7473110973","101.6867345651"
"1925000000","","1925îN","130","","10Å`14çŒ","","6,735,030","3,410,991","3,324,039","11.274503354","5.7100309085","5.5644724454","102.6158537851"
"1925000000","","1925îN","150","","15Å`19çŒ","","5,885,277","2,988,370","2,896,907","9.8520088664","5.0025593929","4.8494494735","103.157263937"
"1925000000","","1925îN","160","","20Å`24çŒ","","5,060,527","2,574,799","2,485,728","8.4713696352","4.3102376621","4.1611319731","103.583296322"
"1925000000","","1925îN","170","","25Å`29çŒ","","4,393,471","2,256,502","2,136,969","7.3547116383","3.7774055004","3.5773061379","105.5935766967"
"1925000000","","1925îN","180","","30Å`34çŒ","","3,716,087","1,920,177","1,795,910","6.2207644725","3.2143942977","3.0063701748","106.9194447383"
"1925000000","","1925îN","190","","35Å`39çŒ","","3,449,377","1,768,538","1,680,839","5.7742894324","2.9605491902","2.8137402421","105.2175728906"
"1925000000","","1925îN","200","","40Å`44çŒ","","3,221,765","1,624,224","1,597,541","5.3932648107","2.7189662014","2.6742986093","101.6702544723"
"1925000000","","1925îN","210","","45Å`49çŒ","","3,055,149","1,539,488","1,515,661","5.1143480649","2.5771173431","2.5372307217","101.5720533813"
"1925000000","","1925îN","220","","50Å`54çŒ","","2,450,903","1,223,831","1,227,072","4.1028345967","2.0487045661","2.0541300305","99.7358753194"
"1925000000","","1925îN","230","","55Å`59çŒ","","1,990,817","981,235","1,009,582","3.3326463198","1.642596588","1.6900497318","97.1922042984"
"1925000000","","1925îN","240","","60Å`64çŒ","","1,568,341","754,000","814,341","2.6254175356","1.2622030679","1.3632144676","92.5902048404"
"1925000000","","1925îN","250","","65Å`69çŒ","","1,294,340","601,475","692,865","2.1667372931","1.0068747882","1.1598625049","86.8098403007"
"1925000000","","1925îN","260","","70Å`74çŒ","","919,180","403,555","515,625","1.5387159363","0.6755548529","0.8631610834","78.2652121212"
"1925000000","","1925îN","280","","75Å`79çŒ","","523,014","213,632","309,382","0.8755303387","0.3576219705","0.5179083681","69.051205306"
"1925000000","","1925îN","290","","80Å`84çŒ","","215,834","79,096","136,738","0.3613081392","0.1324074454","0.2289006937","57.8449297196"
"1925000000","","1925îN","310","","85çŒà»è„","","68,695","21,546","47,149","0.1149960739","0.0360682059","0.0789278679","45.6976818172"
"1925000000","","1925îN","380","","ÅiçƒåfÅj15çŒñ¢ñû","","21,924,045","11,062,641","10,861,404","36.7010568456","18.518964735","18.1820921106","101.8527715201"
"1925000000","","1925îN","390","","ÅiçƒåfÅj15Å`64çŒ","","34,791,714","17,631,164","17,160,550","58.2416553729","29.5147338102","28.7269215627","102.7424179294"
"1925000000","","1925îN","400","","ÅiçƒåfÅj65çŒà»è„","","3,021,063","1,319,304","1,701,759","5.0572877813","2.2085272631","2.8487605182","77.5259011411"
"1930000000","","1930îN","100","","ëçêî","","64,450,005","32,390,155","32,059,850","100","50.2562490103","49.7437509896","101.0302761865"
"1930000000","","1930îN","110","","ÇOÅ`ÇSçŒ","","9,011,135","4,543,442","4,467,693","13.9815892954","7.049560353","6.9320289424","101.6954835526"
"1930000000","","1930îN","120","","ÇTÅ`ÇXçŒ","","7,767,085","3,914,786","3,852,299","12.0513334327","6.0741438266","5.9771896061","101.6220703533"
"1930000000","","1930îN","130","","10Å`14çŒ","","6,801,045","3,436,560","3,364,485","10.5524351782","5.3321330231","5.2203021551","102.1422297914"
"1930000000","","1930îN","150","","15Å`19çŒ","","6,539,604","3,318,663","3,220,941","10.1467858691","5.1492051862","4.9975806828","103.0339580886"
"1930000000","","1930îN","160","","20Å`24çŒ","","5,531,506","2,815,406","2,716,100","8.5826308314","4.3683565268","4.2142743045","103.6561982253"
"1930000000","","1930îN","170","","25Å`29çŒ","","4,835,634","2,480,757","2,354,877","7.5029226142","3.849118398","3.6538042161","105.3455021217"
"1930000000","","1930îN","180","","30Å`34çŒ","","4,213,665","2,175,040","2,038,625","6.5378815719","3.3747708786","3.1631106933","106.6915200196"
"1930000000","","1930îN","190","","35Å`39çŒ","","3,584,833","1,856,905","1,727,928","5.5621919656","2.8811557113","2.6810362543","107.4642577699"
"1930000000","","1930îN","200","","40Å`44çŒ","","3,286,478","1,687,934","1,598,544","5.0992672537","2.6189819535","2.4802853002","105.5919636869"
"1930000000","","1930îN","210","","45Å`49çŒ","","3,046,263","1,525,157","1,521,106","4.7265519994","2.3664187458","2.3601332536","100.2663193755"
"1930000000","","1930îN","220","","50Å`54çŒ","","2,830,694","1,410,576","1,420,118","4.3920772387","2.1886359822","2.2034412565","99.3280840042"
"1930000000","","1930îN","230","","55Å`59çŒ","","2,216,103","1,085,866","1,130,237","3.4384838294","1.684819109","1.7536647204","96.0741862105"
"1930000000","","1930îN","240","","60Å`64çŒ","","1,722,085","820,315","901,770","2.6719703124","1.2727927639","1.3991775485","90.9672089335"
"1930000000","","1930îN","250","","65Å`69çŒ","","1,255,830","577,193","678,637","1.9485335959","0.8955670368","1.0529665591","85.0518023626"
"1930000000","","1930îN","260","","70Å`74çŒ","","926,601","403,984","522,617","1.4377050862","0.6268176395","0.8108874467","77.300202634"
"1930000000","","1930îN","280","","75Å`79çŒ","","551,718","222,451","329,267","0.8560402749","0.3451528048","0.51088747","67.559457826"
"1930000000","","1930îN","290","","80Å`84çŒ","","245,461","89,183","156,278","0.3808548967","0.1383754741","0.2424794226","57.0668936126"
"1930000000","","1930îN","310","","85çŒà»è„","","84,265","25,937","58,328","0.1307447532","0.0402435965","0.0905011566","44.4674941708"
"1930000000","","1930îN","380","","ÅiçƒåfÅj15çŒñ¢ñû","","23,579,265","11,894,788","11,684,477","36.5853579064","18.4558372028","18.1295207036","101.7999179595"
"1930000000","","1930îN","390","","ÅiçƒåfÅj15Å`64çŒ","","37,806,865","19,176,619","18,630,246","58.6607634863","29.7542552556","28.9065082306","102.9327202657"
"1930000000","","1930îN","400","","ÅiçƒåfÅj65çŒà»è„","","3,063,875","1,318,748","1,745,127","4.7538786071","2.0461565518","2.7077220552","75.5674515379"
"1935000000","","1935îN","100","","ëçêî","","69,254,148","34,734,133","34,520,015","100","50.1545885742","49.8454114257","100.6202720363"
"1935000000","","1935îN","110","","ÇOÅ`ÇSçŒ","","9,328,501","4,714,001","4,614,500","13.4699527312","6.8068139398","6.6631387913","102.1562682847"
"1935000000","","1935îN","120","","ÇTÅ`ÇXçŒ","","8,531,419","4,303,263","4,228,156","12.3190007333","6.2137259994","6.1052747338","101.7763535687"
"1935000000","","1935îN","130","","10Å`14çŒ","","7,685,247","3,876,774","3,808,473","11.0971648947","5.597894295","5.4992705996","101.7933959358"
"1935000000","","1935îN","150","","15Å`19çŒ","","6,640,917","3,350,713","3,290,204","9.5891974586","4.8382849212","4.7509125373","101.839065298"
"1935000000","","1935îN","160","","20Å`24çŒ","","6,071,071","3,036,783","3,034,288","8.7663644349","4.3849835536","4.3813808813","100.0822268683"
"1935000000","","1935îN","170","","25Å`29çŒ","","5,240,083","2,670,248","2,569,835","7.5664536368","3.8557228369","3.7107307998","103.9073714849"
"1935000000","","1935îN","180","","30Å`34çŒ","","4,632,637","2,379,492","2,253,145","6.6893278363","3.4358837249","3.2534441113","105.6075840658"
"1935000000","","1935îN","190","","35Å`39çŒ","","4,045,846","2,093,446","1,952,400","5.8420269642","3.0228456496","2.8191813145","107.2242368367"
"1935000000","","1935îN","200","","40Å`44çŒ","","3,406,011","1,767,627","1,638,384","4.9181328459","2.5523770792","2.3657557667","107.8884437348"
"1935000000","","1935îN","210","","45Å`49çŒ","","3,112,834","1,591,179","1,521,655","4.4947979144","2.2975937845","2.1972041299","104.5689725989"
"1935000000","","1935îN","220","","50Å`54çŒ","","2,832,875","1,404,376","1,428,499","4.0905492043","2.0278583168","2.0626908874","98.3113043831"
"1935000000","","1935îN","230","","55Å`59çŒ","","2,571,137","1,255,092","1,316,045","3.7126108316","1.8122986654","1.9003121661","95.3684714428"
"1935000000","","1935îN","240","","60Å`64çŒ","","1,930,611","916,820","1,013,791","2.7877189392","1.3238485007","1.4638704384","90.4348134871"
"1935000000","","1935îN","250","","65Å`69çŒ","","1,387,092","630,008","757,084","2.002900967","0.9097043544","1.0931966125","83.2150725679"
"1935000000","","1935îN","260","","70Å`74çŒ","","913,423","394,223","519,200","1.3189433793","0.5692409933","0.749702386","75.9289291217"
"1935000000","","1935îN","280","","75Å`79çŒ","","561,804","224,829","336,975","0.8112207228","0.32464337","0.4865773527","66.7197863342"
"1935000000","","1935îN","290","","80Å`84çŒ","","263,979","95,043","168,936","0.3811742799","0.1372379889","0.243936291","56.2597670123"
"1935000000","","1935îN","310","","85çŒà»è„","","98,661","30,216","68,445","0.1424622247","0.0436305995","0.0988316252","44.1463949156"
"1935000000","","1935îN","380","","ÅiçƒåfÅj15çŒñ¢ñû","","25,545,167","12,894,038","12,651,129","36.8861183592","18.6184342344","18.2676841248","101.9200578857"
"1935000000","","1935îN","390","","ÅiçƒåfÅj15Å`64çŒ","","40,484,022","20,465,776","20,018,246","58.4571800666","29.5516970333","28.9054830333","102.2356104525"
"1935000000","","1935îN","400","","ÅiçƒåfÅj65çŒà»è„","","3,224,959","1,374,319","1,850,640","4.656701574","1.9844573064","2.6722442675","74.2618229369"
"1940000000","","1940îN","100","","ëçêî","","73,075,071","36,540,561","36,534,510","100","50.0041977932","49.9958022067","100.0165624227"
"1940000000","","1940îN","110","","ÇOÅ`ÇSçŒ","","9,128,009","4,619,512","4,508,497","12.4914407098","6.3216809116","6.1697597982","102.462350535"
"1940000000","","1940îN","120","","ÇTÅ`ÇXçŒ","","8,833,598","4,463,439","4,370,159","12.0885469845","6.1080991079","5.9804478765","102.134476114"
"1940000000","","1940îN","130","","10Å`14çŒ","","8,407,101","4,242,585","4,164,516","11.5048970354","5.8058662063","5.699030829","101.8746236057"
"1940000000","","1940îN","150","","15Å`19çŒ","","7,409,277","3,717,483","3,691,794","10.1394010839","5.087277903","5.0521231808","100.6958405588"
"1940000000","","1940îN","160","","20Å`24çŒ","","6,103,653","3,057,395","3,046,258","8.352688912","4.183964802","4.1687241099","100.3655960854"
"1940000000","","1940îN","170","","25Å`29çŒ","","5,653,184","2,837,267","2,815,917","7.7362339101","3.8827254123","3.8535084977","100.7581899608"
"1940000000","","1940îN","180","","30Å`34çŒ","","4,947,256","2,507,243","2,440,013","6.7701899724","3.4310962313","3.3390937411","102.7553131889"
"1940000000","","1940îN","190","","35Å`39çŒ","","4,422,887","2,260,747","2,162,140","6.0526047604","3.0937729257","2.9588318346","104.5606204963"
"1940000000","","1940îN","200","","40Å`44çŒ","","3,834,058","1,976,906","1,857,152","5.2468077304","2.7053439679","2.5414637624","106.4482605624"
"1940000000","","1940îN","210","","45Å`49çŒ","","3,207,212","1,649,661","1,557,551","4.3889854339","2.2575177755","2.1314676584","105.9137710418"
"1940000000","","1940îN","220","","50Å`54çŒ","","2,887,219","1,456,632","1,430,587","3.9510834131","1.9933626559","1.9577207571","101.8205813417"
"1940000000","","1940îN","230","","55Å`59çŒ","","2,559,541","1,240,737","1,318,804","3.5026646715","1.6979160156","1.8047486559","94.0804698802"
"1940000000","","1940îN","240","","60Å`64çŒ","","2,227,412","1,049,207","1,178,205","3.0481548533","1.4358122382","1.612342615","89.0513111046"
"1940000000","","1940îN","250","","65Å`69çŒ","","1,555,162","702,545","852,617","2.1281983746","0.9614143909","1.1667839836","82.3986620018"
"1940000000","","1940îN","260","","70Å`74çŒ","","994,906","421,186","573,720","1.3615027451","0.576381985","0.78512076","73.4131632155"
"1940000000","","1940îN","280","","75Å`79çŒ","","546,408","215,952","330,456","0.747745005","0.2955246433","0.4522203616","65.3496985983"
"1940000000","","1940îN","290","","80Å`84çŒ","","254,127","90,602","163,525","0.3477661287","0.1239864587","0.22377967","55.4055954746"
"1940000000","","1940îN","310","","85çŒà»è„","","103,099","31,023","72,076","0.1410882751","0.0424541611","0.098634114","43.0420667073"
"1940000000","","1940îN","380","","ÅiçƒåfÅj15çŒñ¢ñû","","26,368,708","13,325,536","13,043,172","36.0848847298","18.2356462259","17.8492385038","102.1648414971"
"1940000000","","1940îN","390","","ÅiçƒåfÅj15Å`64çŒ","","43,251,699","21,753,278","21,498,421","59.1888147414","29.768789928","29.4200248134","101.1854684583"
"1940000000","","1940îN","400","","ÅiçƒåfÅj65çŒà»è„","","3,453,702","1,461,308","1,992,394","4.7263005286","1.9997616392","2.7265388894","73.3443284812"
"1945000000","","1945îN","100","","ëçêî","","71,998,104","33,894,059","38,104,045","100","47.0763216209","52.923678379","88.9513409928"
"1945000000","","1945îN","110","","ÇOÅ`ÇSçŒ","","9,250,418","4,682,797","4,567,621","12.8481411121","6.5040559956","6.3440851164","102.5215752357"
"1945000000","","1945îN","120","","ÇTÅ`ÇXçŒ","","8,581,401","4,338,961","4,242,440","11.918926365","6.0264934198","5.8924329451","102.2751294066"
"1945000000","","1945îN","130","","10Å`14çŒ","","8,645,267","4,365,844","4,279,423","12.0076314787","6.0638319031","5.9437995756","102.0194544918"
"1945000000","","1945îN","150","","15Å`19çŒ","","7,820,530","3,849,481","3,971,049","10.8621332583","5.3466421837","5.5154910745","96.9386426609"
"1945000000","","1945îN","160","","20Å`24çŒ","","5,464,684","2,024,120","3,440,564","7.5900387599","2.81135181","4.7786869498","58.8310521181"
"1945000000","","1945îN","170","","25Å`29çŒ","","4,415,159","1,603,664","2,811,495","6.1323267623","2.2273697651","3.9049569972","57.0395465757"
"1945000000","","1945îN","180","","30Å`34çŒ","","4,447,337","1,805,587","2,641,750","6.1770196059","2.5078257616","3.6691938443","68.3481404372"
"1945000000","","1945îN","190","","35Å`39çŒ","","4,307,705","1,982,773","2,324,932","5.9830811655","2.7539239088","3.2291572566","85.2830534398"
"1945000000","","1945îN","200","","40Å`44çŒ","","4,090,208","2,046,909","2,043,299","5.6809940439","2.8430040324","2.8379900115","100.176675073"
"1945000000","","1945îN","210","","45Å`49çŒ","","3,586,926","1,829,696","1,757,230","4.9819728586","2.5413113656","2.4406614929","104.1238767833"
"1945000000","","1945îN","220","","50Å`54çŒ","","2,948,808","1,506,234","1,442,574","4.0956745194","2.0920467572","2.0036277621","104.4129451937"
"1945000000","","1945îN","230","","55Å`59çŒ","","2,597,278","1,289,547","1,307,731","3.607425551","1.7910846652","1.8163408858","98.6094999659"
"1945000000","","1945îN","240","","60Å`64çŒ","","2,142,268","1,005,064","1,137,204","2.9754505757","1.3959589824","1.5794915932","88.3802730204"
"1945000000","","1945îN","250","","65Å`69çŒ","","1,732,394","775,188","957,206","2.4061661401","1.0766783525","1.3294877876","80.9844484886"
"1945000000","","1945îN","260","","70Å`74çŒ","","1,095,138","462,867","632,271","1.5210650547","0.6428877627","0.878177292","73.2070583657"
"1945000000","","1945îN","280","","75Å`79çŒ","","551,891","214,842","337,049","0.7665354632","0.2983995245","0.4681359386","63.7420671771"
"1945000000","","1945îN","290","","80Å`84çŒ","","236,741","84,073","152,668","0.3288156032","0.1167711305","0.2120444727","55.0691697015"
"1945000000","","1945îN","310","","85çŒà»è„","","83,951","26,412","57,539","0.1166016816","0.0366842993","0.0799173822","45.9027789846"
"1945000000","","1945îN","380","","ÅiçƒåfÅj15çŒñ¢ñû","","26,477,086","13,387,602","13,089,484","36.7746989559","18.5943813187","18.1803176372","102.2775382131"
"1945000000","","1945îN","390","","ÅiçƒåfÅj15Å`64çŒ","","41,820,903","18,943,075","22,877,828","58.086117101","26.3105192325","31.7755978685","82.8010202716"
"1945000000","","1945îN","400","","ÅiçƒåfÅj65çŒà»è„","","3,700,115","1,563,382","2,136,733","5.1391839429","2.1714210696","2.9677628733","73.166932883"
"1950000000","","1950îN","100","","ëçêî","","84,114,574","41,241,192","42,873,382","100","49.0298070968","50.9701929031","96.19299919"
"1950000000","","1950îN","110","","ÇOÅ`ÇSçŒ","","11,350,580","5,792,551","5,558,029","13.4949605377","6.8868945162","6.6080660215","104.2195173864"
"1950000000","","1950îN","120","","ÇTÅ`ÇXçŒ","","9,624,478","4,877,311","4,747,167","11.4427589432","5.7987450399","5.6440139033","102.7415087777"
"1950000000","","1950îN","130","","10Å`14çŒ","","8,811,354","4,456,939","4,354,415","10.4760174822","5.2989552889","5.1770621932","102.3544838973"
"1950000000","","1950îN","150","","15Å`19çŒ","","8,669,445","4,367,794","4,301,651","10.3072986718","5.1929687881","5.1143298837","101.5376189281"
"1950000000","","1950îN","160","","20Å`24çŒ","","7,804,536","3,871,815","3,932,721","9.2789888565","4.6032881698","4.6757006867","98.4513012746"
"1950000000","","1950îN","170","","25Å`29çŒ","","6,246,288","2,847,983","3,398,305","7.426352668","3.3860312157","4.0403214523","83.805985631"
"1950000000","","1950îN","180","","30Å`34çŒ","","5,254,401","2,382,599","2,871,802","6.2470758449","2.8327256829","3.414350162","82.9652949611"
"1950000000","","1950îN","190","","35Å`39çŒ","","5,095,018","2,396,611","2,698,407","6.0575818019","2.8493848657","3.2081969361","88.8157716756"
"1950000000","","1950îN","200","","40Å`44çŒ","","4,525,471","2,217,547","2,307,924","5.3804345293","2.6364916379","2.7439428913","96.084056494"
"1950000000","","1950îN","210","","45Å`49çŒ","","4,042,374","2,035,222","2,007,152","4.8060696113","2.4197213336","2.3863482776","101.3984989676"
"1950000000","","1950îN","220","","50Å`54çŒ","","3,421,396","1,733,836","1,687,560","4.0677748629","2.0613967214","2.0063781414","102.7421839816"
"1950000000","","1950îN","230","","55Å`59çŒ","","2,780,034","1,392,572","1,387,462","3.3052451173","1.6556602557","1.6495848615","100.368298375"
"1950000000","","1950îN","240","","60Å`64çŒ","","2,329,349","1,120,403","1,208,946","2.769415557","1.3320723937","1.4373431632","92.6760169602"
"1950000000","","1950îN","250","","65Å`69çŒ","","1,789,948","803,800","986,148","2.1281095437","0.9556559471","1.1724535965","81.5090635482"
"1950000000","","1950îN","260","","70Å`74çŒ","","1,295,651","545,748","749,903","1.5404286931","0.6488521047","0.8915765883","72.7758123383"
"1950000000","","1950îN","280","","75Å`79çŒ","","693,679","270,523","423,156","0.8247306067","0.3216308954","0.5030997113","63.9298509296"
"1950000000","","1950îN","290","","80Å`84çŒ","","279,254","96,600","182,654","0.3320113782","0.1148499185","0.2171614597","52.8868790171"
"1950000000","","1950îN","310","","85çŒà»è„","","96,512","29,003","67,509","0.1147452933","0.0344823207","0.0802629725","42.9616791835"
"1950000000","","1950îN","380","","ÅiçƒåfÅj15çŒñ¢ñû","","29,786,412","15,126,801","14,659,611","35.4136797017","17.9845657652","17.4291139364","103.1869194892"
"1950000000","","1950îN","390","","ÅiçƒåfÅj15Å`64çŒ","","50,168,312","24,366,382","25,801,930","59.6461410775","28.9696942229","30.6764468545","94.4362766661"
"1950000000","","1950îN","400","","ÅiçƒåfÅj65çŒà»è„","","4,155,180","1,745,729","2,409,451","4.9401792207","2.0755332213","2.8646459993","72.4533929098"
"1955000000","","1955îN","100","","ëçêî","","90,076,594","44,242,657","45,833,937","100","49.1204413768","50.8795586231","96.5281620908"
"1955000000","","1955îN","110","","ÇOÅ`ÇSçŒ","","9,381,512","4,794,426","4,587,086","10.4178386928","5.3240412305","5.0937974623","104.5200809402"
"1955000000","","1955îN","120","","ÇTÅ`ÇXçŒ","","11,156,015","5,694,447","5,461,568","12.3883617827","6.3234828555","6.0648789271","104.2639586287"
"1955000000","","1955îN","130","","10Å`14çŒ","","9,585,370","4,855,556","4,729,814","10.6442158226","5.3919239427","5.2522918799","102.658497776"
"1955000000","","1955îN","150","","15Å`19çŒ","","8,709,075","4,383,128","4,325,947","9.6711210851","4.8673092859","4.8038117991","101.3218146223"
"1955000000","","1955îN","160","","20Å`24çŒ","","8,475,954","4,231,701","4,244,253","9.4122484243","4.6991549351","4.7130934891","99.7042589119"
"1955000000","","1955îN","170","","25Å`29çŒ","","7,663,079","3,802,724","3,860,355","8.5095793633","4.2227910837","4.2867882796","98.5071062117"
"1955000000","","1955îN","180","","30Å`34çŒ","","6,162,622","2,817,154","3,345,468","6.8433747055","3.1283503069","3.7150243986","84.2080689458"
"1955000000","","1955îN","190","","35Å`39çŒ","","5,154,689","2,336,529","2,818,160","5.7241006048","2.5946331703","3.1294674345","82.9097354302"
"1955000000","","1955îN","200","","40Å`44çŒ","","4,980,506","2,340,429","2,640,077","5.5306765174","2.5989639829","2.9317125344","88.6500280105"
"1955000000","","1955îN","210","","45Å`49çŒ","","4,397,993","2,149,102","2,248,891","4.8838163449","2.3865020873","2.4973142576","95.5627462602"
"1955000000","","1955îN","220","","50Å`54çŒ","","3,876,779","1,941,081","1,935,698","4.3050265532","2.1555020925","2.1495244606","100.2780909005"
"1955000000","","1955îN","230","","55Å`59çŒ","","3,228,362","1,617,760","1,610,602","3.5849823096","1.7964655083","1.7885168013","100.444430095"
"1955000000","","1955îN","240","","60Å`64çŒ","","2,517,556","1,235,983","1,281,573","2.7956572787","1.3725155946","1.4231416841","96.442652896"
"1955000000","","1955îN","250","","65Å`69çŒ","","1,982,599","925,400","1,057,199","2.2016063694","1.0276241107","1.1739822587","87.5331891157"
"1955000000","","1955îN","260","","70Å`74çŒ","","1,392,662","593,776","798,886","1.5465021064","0.6593673373","0.8871347691","74.3254982563"
"1955000000","","1955îN","280","","75Å`79çŒ","","875,701","342,059","533,642","0.9724351214","0.3798444734","0.592590648","64.0989652238"
"1955000000","","1955îN","290","","80Å`84çŒ","","377,787","133,192","244,595","0.4195191591","0.1479050254","0.2716141337","54.4540975898"
"1955000000","","1955îN","310","","85çŒà»è„","","134,122","39,681","94,441","0.1489377577","0.044064353","0.1048734046","42.0167088446"
"1955000000","","1955îN","380","","ÅiçƒåfÅj15çŒñ¢ñû","","30,122,897","15,344,429","14,778,468","33.441753238","17.0350351161","16.4067181218","103.8296324084"
"1955000000","","1955îN","390","","ÅiçƒåfÅj15Å`64çŒ","","55,166,615","26,855,591","28,311,024","61.2447177907","29.814464634","31.4302531567","94.8591297863"
"1955000000","","1955îN","400","","ÅiçƒåfÅj65çŒà»è„","","4,786,199","2,042,198","2,744,001","5.3135289712","2.2672016432","3.0463273279","74.4240982419"
"1960000000","","1960îN","100","","ëçêî","","94,301,623","46,300,445","48,001,178","100","49.0982560679","50.901743932","96.4568932037"
"1960000000","","1960îN","110","","ÇOÅ`ÇSçŒ","","7,964,828","4,073,749","3,891,079","8.4461312988","4.3199198943","4.1262114044","104.6945847154"
"1960000000","","1960îN","120","","ÇTÅ`ÇXçŒ","","9,339,141","4,770,578","4,568,563","9.903492091","5.0588572859","4.844634805","104.4218499339"
"1960000000","","1960îN","130","","10Å`14çŒ","","11,130,190","5,677,909","5,452,281","11.8027716506","6.0210170159","5.7817546347","104.13823132"
"1960000000","","1960îN","150","","15Å`19çŒ","","9,379,673","4,713,854","4,665,819","9.9464733824","4.9987055348","4.9477678476","101.0295084314"
"1960000000","","1960îN","160","","20Å`24çŒ","","8,390,982","4,160,096","4,230,886","8.8980371827","4.4114847215","4.4865524611","98.3268279977"
"1960000000","","1960îN","170","","25Å`29çŒ","","8,279,524","4,129,166","4,150,358","8.7798439333","4.3786856653","4.4011582679","99.489393445"
"1960000000","","1960îN","180","","30Å`34çŒ","","7,575,693","3,774,040","3,801,653","8.0334814207","4.0020999031","4.0313815176","99.273658064"
"1960000000","","1960îN","190","","35Å`39çŒ","","6,083,135","2,782,870","3,300,265","6.4507302503","2.9510349008","3.4996953494","84.3226225772"
"1960000000","","1960îN","200","","40Å`44çŒ","","5,057,947","2,291,120","2,766,827","5.3635915884","2.4295691434","2.934022445","82.8067674632"
"1960000000","","1960îN","210","","45Å`49çŒ","","4,850,813","2,271,959","2,578,854","5.1439407736","2.4092502712","2.7346905023","88.0995589513"
"1960000000","","1960îN","220","","50Å`54çŒ","","4,231,204","2,053,737","2,177,467","4.4868896774","2.1778414242","2.3090482532","94.3177095221"
"1960000000","","1960îN","230","","55Å`59çŒ","","3,667,376","1,813,371","1,854,005","3.8889903483","1.9229504465","1.9660399017","97.8083122753"
"1960000000","","1960îN","240","","60Å`64çŒ","","2,953,008","1,446,757","1,506,251","3.1314540997","1.5341824807","1.597271619","96.0501934936"
"1960000000","","1960îN","250","","65Å`69çŒ","","2,179,290","1,035,042","1,144,248","2.3109814145","1.0975881251","1.2133932894","90.4560899385"
"1960000000","","1960îN","260","","70Å`74çŒ","","1,577,027","698,672","878,355","1.6723245126","0.7408917614","0.9314327512","79.5432370738"
"1960000000","","1960îN","280","","75Å`79çŒ","","963,397","379,767","583,630","1.021613719","0.402715783","0.618897936","65.0698216335"
"1960000000","","1960îN","290","","80Å`84çŒ","","487,663","170,599","317,064","0.5171317858","0.1809080564","0.3362237293","53.8058562309"
"1960000000","","1960îN","310","","85çŒà»è„","","190,603","57,103","133,500","0.2021208698","0.0605536535","0.1415672163","42.7737827715"
"1960000000","","1960îN","380","","ÅiçƒåfÅj15çŒñ¢ñû","","28,434,159","14,522,236","13,911,923","30.1523950405","15.3997941962","14.7526008442","104.38697799"
"1960000000","","1960îN","390","","ÅiçƒåfÅj15Å`64çŒ","","60,469,355","29,436,970","31,032,385","64.1234326573","31.2158044919","32.9076281654","94.8588708215"
"1960000000","","1960îN","400","","ÅiçƒåfÅj65çŒà»è„","","5,397,980","2,341,183","3,056,797","5.724172302","2.4826573797","3.2415149223","76.5894169616"
"1965000000","","1965îN","100","","ëçêî","","99,209,137","48,692,138","50,516,999","100","49.0802969397","50.9197030602","96.3876298352"
"1965000000","","1965îN","110","","ÇOÅ`ÇSçŒ","","8,241,607","4,204,772","4,036,835","8.3073106832","4.2382932547","4.0690174285","104.160115536"
"1965000000","","1965îN","120","","ÇTÅ`ÇXçŒ","","7,970,120","4,056,194","3,913,926","8.0336593364","4.0885307621","3.9451285742","103.6349179826"
"1965000000","","1965îN","130","","10Å`14çŒ","","9,317,503","4,738,325","4,579,178","9.3917839339","4.7760998423","4.6156840916","103.4754490871"
"1965000000","","1965îN","150","","15Å`19çŒ","","10,947,996","5,527,355","5,420,641","11.0352755391","5.5714201419","5.4638553972","101.9686601639"
"1965000000","","1965îN","160","","20Å`24çŒ","","9,127,519","4,523,969","4,603,550","9.2002853448","4.5600349548","4.6402503899","98.2713123567"
"1965000000","","1965îN","170","","25Å`29çŒ","","8,435,227","4,191,561","4,243,666","8.5024742592","4.224976934","4.2774973251","98.7721701"
"1965000000","","1965îN","180","","30Å`34çŒ","","8,324,917","4,180,969","4,143,948","8.3912848466","4.2143004925","4.176984354","100.8933751099"
"1965000000","","1965îN","190","","35Å`39çŒ","","7,553,997","3,773,472","3,780,525","7.6142189234","3.8035548477","3.8106640756","99.8134386097"
"1965000000","","1965îN","200","","40Å`44çŒ","","6,005,021","2,748,642","3,256,379","6.0528941875","2.770554705","3.2823394824","84.4079267186"
"1965000000","","1965îN","210","","45Å`49çŒ","","4,959,332","2,240,740","2,718,592","4.9988687528","2.2586036121","2.7402651406","82.4228129855"
"1965000000","","1965îN","220","","50Å`54çŒ","","4,691,471","2,187,487","2,503,984","4.7288723131","2.2049260689","2.5239462441","87.3602626853"
"1965000000","","1965îN","230","","55Å`59çŒ","","4,030,134","1,942,543","2,087,591","4.0622630068","1.958029328","2.1042336787","93.0518957017"
"1965000000","","1965îN","240","","60Å`64çŒ","","3,368,628","1,635,046","1,733,582","3.3954833532","1.6480809025","1.7474024506","94.3160461979"
"1965000000","","1965îN","250","","65Å`69çŒ","","2,581,466","1,226,741","1,354,725","2.6020459456","1.2365208162","1.3655251294","90.5527690121"
"1965000000","","1965îN","260","","70Å`74çŒ","","1,760,618","795,372","965,246","1.7746539868","0.8017128592","0.9729411275","82.4009630705"
"1965000000","","1965îN","280","","75Å`79çŒ","","1,106,137","455,411","650,726","1.1149553378","0.4590416244","0.6559137133","69.9850628375"
"1965000000","","1965îN","290","","80Å`84çŒ","","533,914","188,750","345,164","0.5381704655","0.1902547514","0.347915714","54.6841501431"
"1965000000","","1965îN","310","","85çŒà»è„","","253,479","74,765","178,714","0.2554997835","0.075361041","0.1801387425","41.8349989368"
"1965000000","","1965îN","380","","ÅiçƒåfÅj15çŒñ¢ñû","","25,529,230","12,999,291","12,529,939","25.7327539536","13.1029238592","12.6298300943","103.7458442535"
"1965000000","","1965îN","390","","ÅiçƒåfÅj15Å`64çŒ","","67,444,242","32,951,784","34,492,458","67.9819205269","33.214481988","34.7674385388","95.5333018018"
"1965000000","","1965îN","400","","ÅiçƒåfÅj65çŒà»è„","","6,235,614","2,741,039","3,494,575","6.2853255194","2.7628910924","3.522434427","78.4369773148"
"1970000000","","1970îN","100","","ëçêî","","104,665,171","51,369,177","53,295,994","100","49.0795328658","50.9204671341","96.3846869991"
"1970000000","","1970îN","110","","ÇOÅ`ÇSçŒ","","8,907,564","4,564,915","4,342,649","8.5105330788","4.3614460821","4.1490869966","105.118212409"
"1970000000","","1970îN","120","","ÇTÅ`ÇXçŒ","","8,267,336","4,225,903","4,041,433","7.8988415353","4.0375446384","3.8612968969","104.5644700778"
"1970000000","","1970îN","130","","10Å`14çŒ","","7,977,879","4,066,571","3,911,308","7.6222863095","3.8853144375","3.7369718719","103.9695927807"
"1970000000","","1970îN","150","","15Å`19çŒ","","9,167,044","4,622,873","4,544,171","8.7584474495","4.4168207588","4.3416266906","101.7319330632"
"1970000000","","1970îN","160","","20Å`24çŒ","","10,727,636","5,344,885","5,382,751","10.249480221","5.1066509985","5.1428292225","99.2965307144"
"1970000000","","1970îN","170","","25Å`29çŒ","","9,148,198","4,545,780","4,602,418","8.7404414597","4.3431639738","4.3972774859","98.7693860053"
"1970000000","","1970îN","180","","30Å`34çŒ","","8,441,333","4,215,776","4,225,557","8.0650830828","4.0278690224","4.0372140604","99.7685275574"
"1970000000","","1970îN","190","","35Å`39çŒ","","8,272,842","4,154,678","4,118,164","7.90410212","3.9694943029","3.9346078171","100.8866572579"
"1970000000","","1970îN","200","","40Å`44çŒ","","7,393,628","3,690,875","3,702,753","7.0640767404","3.5263640853","3.5377126551","99.6792116568"
"1970000000","","1970îN","210","","45Å`49çŒ","","5,919,697","2,696,819","3,222,878","5.6558422858","2.5766154817","3.0792268041","83.6773529745"
"1970000000","","1970îN","220","","50Å`54çŒ","","4,841,390","2,172,383","2,669,007","4.625597946","2.0755548185","2.5500431275","81.3929300297"
"1970000000","","1970îN","230","","55Å`59çŒ","","4,455,213","2,055,135","2,400,078","4.2566337564","1.9635328355","2.2931009208","85.6278420951"
"1970000000","","1970îN","240","","60Å`64çŒ","","3,752,119","1,766,393","1,985,726","3.5848782972","1.6876607405","1.8972175567","88.9545183978"
"1970000000","","1970îN","250","","65Å`69çŒ","","3,005,586","1,407,870","1,597,716","2.8716200157","1.3451179475","1.5265020681","88.1176629638"
"1970000000","","1970îN","260","","70Å`74çŒ","","2,150,406","968,076","1,182,330","2.0545573847","0.9249265928","1.1296307918","81.8786633173"
"1970000000","","1970îN","280","","75Å`79çŒ","","1,280,431","536,369","744,062","1.2233592013","0.5124617815","0.7108974197","72.0866003101"
"1970000000","","1970îN","290","","80Å`84çŒ","","656,578","243,532","413,046","0.6273127858","0.2326772102","0.3946355755","58.9600189809"
"1970000000","","1970îN","310","","85çŒà»è„","","300,291","90,344","209,947","0.2869063291","0.086317157","0.2005891721","43.0318127908"
"1970000000","","1970îN","380","","ÅiçƒåfÅj15çŒñ¢ñû","","25,152,779","12,857,389","12,295,390","24.0316609237","12.2843051582","11.7473557655","104.5708106859"
"1970000000","","1970îN","390","","ÅiçƒåfÅj15Å`64çŒ","","72,119,100","35,265,597","36,853,503","68.9045833594","33.6937270183","35.2108563411","95.691302398"
"1970000000","","1970îN","400","","ÅiçƒåfÅj65çŒà»è„","","7,393,292","3,246,191","4,147,101","7.0637557167","3.1015006892","3.9622550275","78.2761500141"
"1975000000","","1975îN","100","","ëçêî","","111,939,643","55,090,673","56,848,970","100","49.2075370854","50.7924629145","96.9070732504"
"1975000000","","1975îN","110","","ÇOÅ`ÇSçŒ","","10,000,607","5,127,359","4,873,248","8.9376170566","4.5823589762","4.3552580804","105.214407311"
"1975000000","","1975îN","120","","ÇTÅ`ÇXçŒ","","8,938,021","4,583,653","4,354,368","7.9879760241","4.0964448692","3.8915311548","105.2656321192"
"1975000000","","1975îN","130","","10Å`14çŒ","","8,282,064","4,237,041","4,045,023","7.4017423613","3.7866751399","3.6150672213","104.7470187437"
"1975000000","","1975îN","150","","15Å`19çŒ","","7,948,546","4,040,280","3,908,266","7.1036748374","3.6108283668","3.4928464705","103.3778151231"
"1975000000","","1975îN","160","","20Å`24çŒ","","9,071,509","4,563,526","4,507,983","8.1072752452","4.0784572192","4.0288180259","101.2321031379"
"1975000000","","1975îN","170","","25Å`29çŒ","","10,794,583","5,426,289","5,368,294","9.647199329","4.8495149465","4.7976843825","101.0803245872"
"1975000000","","1975îN","180","","30Å`34çŒ","","9,245,791","4,624,591","4,621,200","8.2630323683","4.1330314651","4.1300009031","100.0733792088"
"1975000000","","1975îN","190","","35Å`39çŒ","","8,422,320","4,212,566","4,209,754","7.5270901945","3.7648016499","3.7622885445","100.0667972522"
"1975000000","","1975îN","200","","40Å`44çŒ","","8,224,070","4,125,063","4,099,007","7.349912691","3.6865995662","3.6633131247","100.6356661503"
"1975000000","","1975îN","210","","45Å`49çŒ","","7,361,410","3,656,501","3,704,909","6.5789470156","3.2678422125","3.3111048031","98.6934092038"
"1975000000","","1975îN","220","","50Å`54çŒ","","5,781,705","2,616,771","3,164,934","5.1671528762","2.3386277575","2.8285251186","82.6801127606"
"1975000000","","1975îN","230","","55Å`59çŒ","","4,673,649","2,072,676","2,600,973","4.1768749656","1.8523659984","2.3245089671","79.6884858089"
"1975000000","","1975îN","240","","60Å`64çŒ","","4,283,734","1,935,823","2,347,911","3.8284050222","1.7300594517","2.0983455705","82.4487384743"
"1975000000","","1975îN","250","","65Å`69çŒ","","3,449,037","1,571,228","1,877,809","3.0824300885","1.4042181812","1.6782119072","83.6734726481"
"1975000000","","1975îN","260","","70Å`74çŒ","","2,575,882","1,147,922","1,427,960","2.3020849533","1.0259064521","1.2761785011","80.388946469"
"1975000000","","1975îN","280","","75Å`79çŒ","","1,641,007","688,306","952,701","1.4665801939","0.6151442053","0.8514359885","72.2478511096"
"1975000000","","1975îN","290","","80Å`84çŒ","","808,703","307,763","500,940","0.7227439021","0.2750500882","0.4476938138","61.4370982552"
"1975000000","","1975îN","310","","85çŒà»è„","","390,800","122,647","268,153","0.3492608744","0.1096105385","0.2396503358","45.7376945251"
"1975000000","","1975îN","380","","ÅiçƒåfÅj15çŒñ¢ñû","","27,220,692","13,948,053","13,272,639","24.3273354421","12.4654789854","11.8618564566","105.0887694602"
"1975000000","","1975îN","390","","ÅiçƒåfÅj15Å`64çŒ","","75,807,317","37,274,086","38,533,231","67.7495645455","33.3121286343","34.4374359111","96.7323139863"
"1975000000","","1975îN","400","","ÅiçƒåfÅj65çŒà»è„","","8,865,429","3,837,866","5,027,563","7.9231000123","3.4299294655","4.4931705467","76.3365073694"
"1980000000","","1980îN","100","","ëçêî","","117,060,396","57,593,769","59,466,627","100","49.1884106777","50.8115893222","96.8505730113"
"1980000000","","1980îN","110","","ÇOÅ`ÇSçŒ","","8,515,416","4,366,100","4,149,316","7.2788156134","3.7320592264","3.5467563869","105.2245719535"
"1980000000","","1980îN","120","","ÇTÅ`ÇXçŒ","","10,032,034","5,142,487","4,889,547","8.5751918301","4.3957000653","4.1794917648","105.1730763606"
"1980000000","","1980îN","130","","10Å`14çŒ","","8,959,628","4,594,813","4,364,815","7.658519581","3.9275587481","3.7309608328","105.2693642227"
"1980000000","","1980îN","150","","15Å`19çŒ","","8,272,245","4,223,685","4,048,560","7.0709576683","3.6103255935","3.4606320748","104.3256120694"
"1980000000","","1980îN","160","","20Å`24çŒ","","7,841,026","3,960,116","3,880,910","6.7023598699","3.385031826","3.3173280439","102.0409130848"
"1980000000","","1980îN","170","","25Å`29çŒ","","9,041,355","4,545,468","4,495,887","7.728378266","3.8853795808","3.8429986851","101.1028079664"
"1980000000","","1980îN","180","","30Å`34çŒ","","10,771,731","5,421,545","5,350,186","9.2074707549","4.6342335353","4.5732372195","101.3337667139"
"1980000000","","1980îN","190","","35Å`39çŒ","","9,201,581","4,594,716","4,606,865","7.8653364029","3.9274758344","3.9378605685","99.7362848705"
"1980000000","","1980îN","200","","40Å`44çŒ","","8,337,500","4,158,990","4,178,510","7.126736401","3.5550255381","3.5717108628","99.5328478333"
"1980000000","","1980îN","210","","45Å`49çŒ","","8,090,387","4,033,146","4,057,241","6.9155089092","3.4474564808","3.4680524284","99.4061235208"
"1980000000","","1980îN","220","","50Å`54çŒ","","7,200,022","3,546,963","3,653,059","6.1544418441","3.0318765007","3.1225653433","97.0956943208"
"1980000000","","1980îN","230","","55Å`59çŒ","","5,613,505","2,511,379","3,102,126","4.7983172918","2.1466789968","2.651638295","80.9567051757"
"1980000000","","1980îN","240","","60Å`64çŒ","","4,465,247","1,945,930","2,519,317","3.816808196","1.6633439478","2.1534642482","77.2403790392"
"1980000000","","1980îN","250","","65Å`69çŒ","","3,964,681","1,743,659","2,221,022","3.3889339011","1.4904465446","1.8984873565","78.5070566613"
"1980000000","","1980îN","260","","70Å`74çŒ","","3,022,977","1,317,661","1,705,316","2.5839832354","1.1263115577","1.4576716776","77.2678494777"
"1980000000","","1980îN","280","","75Å`79çŒ","","2,036,685","848,714","1,187,971","1.7409195954","0.7254645826","1.0154550127","71.4423163528"
"1980000000","","1980îN","290","","80Å`84çŒ","","1,093,643","417,715","675,928","0.9348252327","0.357054836","0.5777703966","61.7987418778"
"1980000000","","1980îN","310","","85çŒà»è„","","529,370","171,959","357,411","0.4524954061","0.1469872821","0.3055081239","48.1123972121"
"1980000000","","1980îN","380","","ÅiçƒåfÅj15çŒñ¢ñû","","27,507,078","14,103,400","13,403,678","23.5125270246","12.0553180399","11.4572089847","105.2203730946"
"1980000000","","1980îN","390","","ÅiçƒåfÅj15Å`64çŒ","","78,834,599","38,941,938","39,892,661","67.3863156044","33.2868278345","34.0994877699","97.6167972349"
"1980000000","","1980îN","400","","ÅiçƒåfÅj65çŒà»è„","","10,647,356","4,499,708","6,147,648","9.1011573708","3.8462648032","5.2548925675","73.1939759725"
"1985000000","","1985îN","100","","ëçêî","","121,048,923","59,497,316","61,551,607","100","49.1456737457","50.8543262542","96.662490063"
"1985000000","","1985îN","110","","ÇOÅ`ÇSçŒ","","7,459,263","3,818,777","3,640,486","6.1642941582","3.1558164328","3.0084777253","104.8974505052"
"1985000000","","1985îN","120","","ÇTÅ`ÇXçŒ","","8,531,834","4,373,058","4,158,776","7.0506609681","3.6138712206","3.4367897474","105.1525256469"
"1985000000","","1985îN","130","","10Å`14çŒ","","10,042,121","5,146,970","4,895,151","8.2987538871","4.2534278659","4.0453260211","105.144253977"
"1985000000","","1985îN","150","","15Å`19çŒ","","8,979,947","4,600,427","4,379,520","7.4209791011","3.801767719","3.6192113821","105.0440915899"
"1985000000","","1985îN","160","","20Å`24çŒ","","8,200,554","4,165,995","4,034,559","6.7768929874","3.4427554896","3.3341374978","103.2577538214"
"1985000000","","1985îN","170","","25Å`29çŒ","","7,823,402","3,948,330","3,875,072","6.4652166368","3.2628783237","3.202338313","101.8904939056"
"1985000000","","1985îN","180","","30Å`34çŒ","","9,054,224","4,558,265","4,495,959","7.4823612078","3.7669252727","3.715435935","101.3858222461"
"1985000000","","1985îN","190","","35Å`39çŒ","","10,738,044","5,398,230","5,339,814","8.8738608492","4.4610677561","4.4127930931","101.0939706888"
"1985000000","","1985îN","200","","40Å`44çŒ","","9,134,954","4,551,877","4,583,077","7.5490760384","3.7616462645","3.7874297739","99.3192346539"
"1985000000","","1985îN","210","","45Å`49çŒ","","8,236,614","4,092,121","4,144,493","6.8066927742","3.3817064199","3.4249863543","98.7363472444"
"1985000000","","1985îN","220","","50Å`54çŒ","","7,932,994","3,926,414","4,006,580","6.5557828663","3.2447670611","3.3110158052","97.9991414123"
"1985000000","","1985îN","230","","55Å`59çŒ","","6,999,745","3,409,374","3,590,371","5.7845509955","2.8174880321","2.9670629633","94.9588218042"
"1985000000","","1985îN","240","","60Å`64çŒ","","5,405,538","2,379,902","3,025,636","4.4671070473","1.9667380002","2.5003690471","78.6579086182"
"1985000000","","1985îN","250","","65Å`69çŒ","","4,193,419","1,781,008","2,412,411","3.4654185332","1.4718152731","1.99360326","73.826889365"
"1985000000","","1985îN","260","","70Å`74çŒ","","3,563,397","1,503,595","2,059,802","2.9447717972","1.2425626867","1.7022091104","72.9970647664"
"1985000000","","1985îN","280","","75Å`79çŒ","","2,493,343","1,017,428","1,475,915","2.0604850223","0.8407969362","1.2196880861","68.9354061717"
"1985000000","","1985îN","290","","80Å`84çŒ","","1,432,937","542,243","890,694","1.1841713019","0.4481066503","0.7360646515","60.8787080635"
"1985000000","","1985îN","310","","85çŒà»è„","","785,247","255,975","529,272","0.6489238273","0.2115363404","0.4373874869","48.363601324"
"1985000000","","1985îN","380","","ÅiçƒåfÅj15çŒñ¢ñû","","26,033,218","13,338,805","12,694,413","21.5137090134","11.0231155194","10.4905934939","105.0761858779"
"1985000000","","1985îN","390","","ÅiçƒåfÅj15Å`64çŒ","","82,506,016","41,030,935","41,475,081","68.1825205044","33.9077403392","34.2747801652","98.9291256598"
"1985000000","","1985îN","400","","ÅiçƒåfÅj65çŒà»è„","","12,468,343","5,100,249","7,368,094","10.303770482","4.2148178869","6.088952595","69.2207374118"
"1990000000","","1990îN","100","","ëçêî","","123,611,167","60,696,724","62,914,443","100","49.0521914256","50.9478085743","96.4750240258"
"1990000000","","1990îN","110","","ÇOÅ`ÇSçŒ","","6,492,897","3,326,039","3,166,858","5.2665831256","2.6978497999","2.5687333257","105.0264647167"
"1990000000","","1990îN","120","","ÇTÅ`ÇXçŒ","","7,466,557","3,821,833","3,644,724","6.0563478988","3.1000031552","2.9563447435","104.8593254249"
"1990000000","","1990îN","130","","10Å`14çŒ","","8,526,785","4,369,880","4,156,905","6.9163305682","3.5445404831","3.371790085","105.1234031088"
"1990000000","","1990îN","150","","15Å`19çŒ","","10,007,087","5,122,215","4,884,872","8.1170478341","4.1547819232","3.9622659109","104.8587352954"
"1990000000","","1990îN","160","","20Å`24çŒ","","8,800,121","4,468,199","4,331,922","7.1380415803","3.6242899672","3.513751613","103.1458784345"
"1990000000","","1990îN","170","","25Å`29çŒ","","8,070,713","4,078,469","3,992,244","6.5463969162","3.3081682974","3.2382286187","102.1598128771"
"1990000000","","1990îN","180","","30Å`34çŒ","","7,787,685","3,925,353","3,862,332","6.3168244327","3.1839713262","3.1328531065","101.6316826207"
"1990000000","","1990îN","190","","35Å`39çŒ","","9,003,780","4,524,829","4,478,951","7.3032354918","3.6702242555","3.6330112363","101.0243023422"
"1990000000","","1990îN","200","","40Å`44çŒ","","10,658,290","5,349,985","5,308,305","8.6452580816","4.3395329886","4.3057250929","100.7851847246"
"1990000000","","1990îN","210","","45Å`49çŒ","","9,018,012","4,482,298","4,535,714","7.3147794931","3.6357260882","3.6790534048","98.8223243352"
"1990000000","","1990îN","220","","50Å`54çŒ","","8,088,386","3,997,248","4,091,138","6.5607320155","3.2422875129","3.3184445026","97.7050395268"
"1990000000","","1990îN","230","","55Å`59çŒ","","7,724,888","3,783,367","3,941,521","6.2658879062","3.0688022311","3.197085675","95.9874880788"
"1990000000","","1990îN","240","","60Å`64çŒ","","6,745,014","3,236,549","3,508,465","5.4710827716","2.625261782","2.8458209896","92.2497160439"
"1990000000","","1990îN","250","","65Å`69çŒ","","5,103,576","2,194,783","2,908,793","4.1396632723","1.7802541935","2.3594090788","75.4533925239"
"1990000000","","1990îN","260","","70Å`74çŒ","","3,817,534","1,559,972","2,257,562","3.0965161077","1.2653399879","1.8311761197","69.0998519641"
"1990000000","","1990îN","280","","75Å`79çŒ","","3,018,213","1,197,457","1,820,756","2.4481629164","0.9712932193","1.476869697","65.7670220501"
"1990000000","","1990îN","290","","80Å`84çŒ","","1,832,858","678,385","1,154,473","1.4866859915","0.5502583813","0.9364276101","58.7614435331"
"1990000000","","1990îN","310","","85çŒà»è„","","1,122,414","357,040","765,374","0.9104235955","0.2896058322","0.6208177633","46.6490892034"
"1990000000","","1990îN","380","","ÅiçƒåfÅj15çŒñ¢ñû","","22,486,239","11,517,752","10,968,487","18.2392615927","9.3423934384","8.8968681543","105.0076642293"
"1990000000","","1990îN","390","","ÅiçƒåfÅj15Å`64çŒ","","85,903,976","42,968,512","42,935,464","69.6792865236","34.8530463728","34.8262401507","100.0769713353"
"1990000000","","1990îN","400","","ÅiçƒåfÅj65çŒà»è„","","14,894,595","5,987,637","8,906,958","12.0814518836","4.8567516144","7.2247002692","67.2242644458"
"1995000000","","1995îN","100","","ëçêî","","125,570,246","61,574,398","63,995,848","100","49.0164607379","50.983539262","96.2162389034"
"1995000000","","1995îN","110","","ÇOÅ`ÇSçŒ","","5,995,254","3,070,015","2,925,239","4.7794074826","2.4474113462","2.3319961364","104.9492024412"
"1995000000","","1995îN","120","","ÇTÅ`ÇXçŒ","","6,540,671","3,349,827","3,190,844","5.2142130957","2.6704770522","2.5437360434","104.9824748561"
"1995000000","","1995îN","130","","10Å`14çŒ","","7,477,805","3,826,968","3,650,837","5.9612949127","3.0508531407","2.910441772","104.8244005415"
"1995000000","","1995îN","150","","15Å`19çŒ","","8,557,958","4,385,775","4,172,183","6.8223912617","3.4963332416","3.3260580201","105.1194302838"
"1995000000","","1995îN","160","","20Å`24çŒ","","9,895,001","5,041,228","4,853,773","7.8882799328","4.0188593886","3.8694205442","103.8620471126"
"1995000000","","1995îN","170","","25Å`29çŒ","","8,788,141","4,452,125","4,336,016","7.0058928036","3.5492273619","3.4566654416","102.6777807092"
"1995000000","","1995îN","180","","30Å`34çŒ","","8,126,455","4,113,849","4,012,606","6.4783977183","3.2795542429","3.1988434754","102.5231233766"
"1995000000","","1995îN","190","","35Å`39çŒ","","7,822,221","3,945,809","3,876,412","6.2358628306","3.1455930073","3.0902698232","101.7902379829"
"1995000000","","1995îN","200","","40Å`44çŒ","","9,006,072","4,527,352","4,478,720","7.1796270694","3.6091982133","3.570428856","101.0858459559"
"1995000000","","1995îN","210","","45Å`49çŒ","","10,618,366","5,328,335","5,290,031","8.4649454242","4.2477406577","4.2172047664","100.7240789326"
"1995000000","","1995îN","220","","50Å`54çŒ","","8,921,918","4,421,787","4,500,131","7.112539627","3.5250419539","3.587497673","98.2590729025"
"1995000000","","1995îN","230","","55Å`59çŒ","","7,953,480","3,906,621","4,046,859","6.3405023082","3.1143523926","3.2261499155","96.5346457585"
"1995000000","","1995îN","240","","60Å`64çŒ","","7,475,109","3,611,948","3,863,161","5.9591456656","2.8794395197","3.0797061459","93.4972163986"
"1995000000","","1995îN","250","","65Å`69çŒ","","6,396,078","2,998,706","3,397,372","5.0989437733","2.3905639185","2.7083798548","88.265459302"
"1995000000","","1995îN","260","","70Å`74çŒ","","4,695,167","1,941,558","2,753,609","3.7429800792","1.5478071209","2.1951729583","70.5095748888"
"1995000000","","1995îN","280","","75Å`79çŒ","","3,289,067","1,260,411","2,028,656","2.6220392715","1.0047977558","1.6172415157","62.1303463968"
"1995000000","","1995îN","290","","80Å`84çŒ","","2,300,765","824,492","1,476,273","1.8341664017","0.6572837838","1.1768826179","55.8495617003"
"1995000000","","1995îN","310","","85çŒà»è„","","1,579,745","479,086","1,100,659","1.2593703408","0.3819266395","0.8774437013","43.5271959798"
"1995000000","","1995îN","380","","ÅiçƒåfÅj15çŒñ¢ñû","","20,013,730","10,246,810","9,766,920","15.9549154912","8.1687415391","7.786173952","104.9134220409"
"1995000000","","1995îN","390","","ÅiçƒåfÅj15Å`64çŒ","","87,164,721","43,734,829","43,429,892","69.4875846418","34.86533998","34.6222446617","100.7021362153"
"1995000000","","1995îN","400","","ÅiçƒåfÅj65çŒà»è„","","18,260,822","7,504,253","10,756,569","14.5574998668","5.9823792186","8.5751206482","69.7643737515"
"2000000000","","2000îN","100","","ëçêî","","126,925,843","62,110,764","64,815,079","100","48.9060002092","51.0939997907","95.8276452922"
"2000000000","","2000îN","110","","ÇOÅ`ÇSçŒ","","5,904,098","3,022,521","2,881,577","4.6600036771","2.3856241841","2.274379493","104.8912106114"
"2000000000","","2000îN","120","","ÇTÅ`ÇXçŒ","","6,021,789","3,083,431","2,938,358","4.7528951726","2.4336994064","2.3191957661","104.9372132326"
"2000000000","","2000îN","130","","10Å`14çŒ","","6,546,612","3,353,150","3,193,462","5.1671289996","2.6465840048","2.5205449948","105.0004665782"
"2000000000","","2000îN","150","","15Å`19çŒ","","7,488,165","3,833,984","3,654,181","5.9102806956","3.0260980657","2.8841826299","104.9204732879"
"2000000000","","2000îN","160","","20Å`24çŒ","","8,421,460","4,307,242","4,114,218","6.6469144933","3.3996325193","3.247281974","104.691632772"
"2000000000","","2000îN","170","","25Å`29çŒ","","9,790,309","4,965,277","4,825,032","7.7273236216","3.919008302","3.8083153196","102.9066128473"
"2000000000","","2000îN","180","","30Å`34çŒ","","8,776,610","4,436,818","4,339,792","6.9272283204","3.5019046422","3.4253236782","102.2357292699"
"2000000000","","2000îN","190","","35Å`39çŒ","","8,114,865","4,096,286","4,018,579","6.4049242982","3.2331285528","3.1717957453","101.9336934772"
"2000000000","","2000îN","200","","40Å`44çŒ","","7,800,219","3,924,171","3,876,048","6.1565795862","3.0972811239","3.0592984622","101.2415480922"
"2000000000","","2000îN","210","","45Å`49çŒ","","8,916,008","4,467,772","4,448,236","7.0372527802","3.5263361056","3.5109166745","100.4391853309"
"2000000000","","2000îN","220","","50Å`54çŒ","","10,441,990","5,210,038","5,231,952","8.2416843006","4.1121939774","4.1294903232","99.5811505915"
"2000000000","","2000îN","230","","55Å`59çŒ","","8,734,172","4,290,239","4,443,933","6.8937327321","3.3862123419","3.5075203902","96.5414870116"
"2000000000","","2000îN","240","","60Å`64çŒ","","7,735,833","3,749,528","3,986,305","6.1057608165","2.9594383879","3.1463224286","94.0602387423"
"2000000000","","2000îN","250","","65Å`69çŒ","","7,105,939","3,357,281","3,748,658","5.6085962443","2.6498445325","2.9587517118","89.5595437087"
"2000000000","","2000îN","260","","70Å`74çŒ","","5,900,576","2,670,270","3,230,306","4.6572238226","2.1075984881","2.5496253345","82.6630665949"
"2000000000","","2000îN","280","","75Å`79çŒ","","4,150,600","1,625,822","2,524,778","3.275997665","1.2832335266","1.9927641383","64.3946517277"
"2000000000","","2000îN","290","","80Å`84çŒ","","2,614,689","915,268","1,699,421","2.0637293545","0.7224053946","1.3413239598","53.8576373953"
"2000000000","","2000îN","310","","85çŒà»è„","","2,233,348","653,475","1,579,873","1.7627434185","0.5157766525","1.246966766","41.3625019226"
"2000000000","","2000îN","380","","ÅiçƒåfÅj15çŒñ¢ñû","","18,472,499","9,459,102","9,013,397","14.5800278493","7.4659075953","7.1141202539","104.9449169941"
"2000000000","","2000îN","390","","ÅiçƒåfÅj15Å`64çŒ","","86,219,631","43,281,355","42,938,276","68.0516816453","34.1612340192","33.8904476261","100.7990050648"
"2000000000","","2000îN","400","","ÅiçƒåfÅj65çŒà»è„","","22,005,152","9,222,116","12,783,036","17.3682905052","7.2788585946","10.0894319106","72.1433937915"
"2005000000","","2005îN","100","","ëçêî","","127,767,994","62,348,977","65,419,017","100","48.7543124754","51.2456875245","95.307113832"
"2005000000","","2005îN","110","","ÇOÅ`ÇSçŒ","","5,578,087","2,854,502","2,723,585","4.3823375757","2.2425952436","2.1397423321","104.8067895806"
"2005000000","","2005îN","120","","ÇTÅ`ÇXçŒ","","5,928,495","3,036,503","2,891,992","4.6576301886","2.3855815077","2.2720486809","104.9969363677"
"2005000000","","2005îN","130","","10Å`14çŒ","","6,014,652","3,080,678","2,933,974","4.7253181","2.4202869116","2.3050311883","105.0001806423"
"2005000000","","2005îN","150","","15Å`19çŒ","","6,568,380","3,373,430","3,194,950","5.1603459189","2.650282982","2.5100629369","105.5863159047"
"2005000000","","2005îN","160","","20Å`24çŒ","","7,350,598","3,754,822","3,595,776","5.7748833641","2.9499176941","2.8249656699","104.4231342553"
"2005000000","","2005îN","170","","25Å`29çŒ","","8,280,049","4,198,551","4,081,498","6.5050921332","3.298526504","3.2065656291","102.8678931117"
"2005000000","","2005îN","180","","30Å`34çŒ","","9,754,857","4,933,265","4,821,592","7.6637521748","3.875743168","3.7880090067","102.3161022334"
"2005000000","","2005îN","190","","35Å`39çŒ","","8,735,781","4,402,787","4,332,994","6.8631309138","3.4589813511","3.4041495627","101.6107338251"
"2005000000","","2005îN","200","","40Å`44çŒ","","8,080,596","4,065,470","4,015,126","6.3483949758","3.1939734794","3.1544214963","101.2538585339"
"2005000000","","2005îN","210","","45Å`49çŒ","","7,725,861","3,867,500","3,858,361","6.0697029224","3.038441418","3.0312615043","100.2368622324"
"2005000000","","2005îN","220","","50Å`54çŒ","","8,796,499","4,383,240","4,413,259","6.9108330693","3.4436245536","3.4672085156","99.3197997217"
"2005000000","","2005îN","230","","55Å`59çŒ","","10,255,164","5,077,369","5,177,795","8.0568106132","3.9889562415","4.0678543716","98.0604485113"
"2005000000","","2005îN","240","","60Å`64çŒ","","8,544,629","4,154,529","4,390,100","6.7129553084","3.2639413021","3.4490140063","94.6340402268"
"2005000000","","2005îN","250","","65Å`69çŒ","","7,432,610","3,545,006","3,887,604","5.8393148205","2.7850790065","3.0542358139","91.1874254682"
"2005000000","","2005îN","260","","70Å`74çŒ","","6,637,497","3,039,743","3,597,754","5.2146466184","2.3881269635","2.8265196549","84.4900179389"
"2005000000","","2005îN","280","","75Å`79çŒ","","5,262,801","2,256,317","3,006,484","4.1346380176","1.7726404718","2.3619975457","75.0483621399"
"2005000000","","2005îN","290","","80Å`84çŒ","","3,412,393","1,222,635","2,189,758","2.6808936589","0.9605442335","1.7203494253","55.8342520041"
"2005000000","","2005îN","320","","85Å`89çŒ","","1,849,260","555,126","1,294,134","1.4528424503","0.4361261359","1.0167163144","42.8955579561"
"2005000000","","2005îN","330","","90Å`94çŒ","","840,870","210,586","630,284","0.6606164796","0.1654436262","0.4951728534","33.41128761"
"2005000000","","2005îN","340","","95Å`99çŒ","","211,221","41,426","169,795","0.1659425041","0.0325456946","0.1333968094","24.3976559969"
"2005000000","","2005îN","350","","100Å`104çŒ","","23,873","3,580","20,293","0.0187554523","0.0028125715","0.0159428808","17.6415512738"
"2005000000","","2005îN","360","","105Å`109çŒ","","1,458","178","1,280","0.001145455","0.0001398429","0.0010056121","13.90625"
"2005000000","","2005îN","370","","110çŒà»è„","","22","2","20","0.0000172839","0.0000015712","0.0000157126","10"
"2005000000","","2005îN","380","","ÅiçƒåfÅj15çŒñ¢ñû","","17,521,234","8,971,683","8,549,551","13.7652858645","7.048463663","6.7168222014","104.9374756639"
"2005000000","","2005îN","390","","ÅiçƒåfÅj15Å`64çŒ","","84,092,414","42,210,963","41,881,451","66.0659013942","33.1623886943","32.9035126998","100.786773123"
"2005000000","","2005îN","400","","ÅiçƒåfÅj65çŒà»è„","","25,672,005","10,874,599","14,797,406","20.1688127412","8.543460118","11.6253526232","73.489900865"
"2010000000","","2010îN","100","","ëçêî","","128,057,352","62,327,737","65,729,615","100","48.5965466934","51.4034533065","94.8244364431"
"2010000000","","2010îN","110","","ÇOÅ`ÇSçŒ","","5,296,748","2,710,581","2,586,167","4.1680117085","2.1329565508","2.0350551576","104.8107488804"
"2010000000","","2010îN","120","","ÇTÅ`ÇXçŒ","","5,585,661","2,859,805","2,725,856","4.3953573867","2.2503809363","2.1449764504","104.9140160008"
"2010000000","","2010îN","130","","10Å`14çŒ","","5,921,035","3,031,943","2,889,092","4.6592632321","2.3858363515","2.2734268805","104.9444946716"
"2010000000","","2010îN","150","","15Å`19çŒ","","6,063,357","3,109,229","2,954,128","4.7712564329","2.4466527152","2.3246037176","105.2503141366"
"2010000000","","2010îN","160","","20Å`24çŒ","","6,426,433","3,266,240","3,160,193","5.0569609858","2.5702046921","2.4867562937","103.3557127681"
"2010000000","","2010îN","170","","25Å`29çŒ","","7,293,701","3,691,723","3,601,978","5.7394142908","2.9050173216","2.8343969691","102.4915476996"
"2010000000","","2010îN","180","","30Å`34çŒ","","8,341,497","4,221,011","4,120,486","6.5639251031","3.3215141195","3.2424109836","102.4396394017"
"2010000000","","2010îN","190","","35Å`39çŒ","","9,786,349","4,950,122","4,836,227","7.7008793349","3.8952516628","3.8056276721","102.3550383387"
"2010000000","","2010îN","200","","40Å`44çŒ","","8,741,865","4,400,375","4,341,490","6.8789747358","3.4626556751","3.4163190607","101.356331582"
"2010000000","","2010îN","210","","45Å`49çŒ","","8,033,116","4,027,969","4,005,147","6.3212600531","3.1696093439","3.1516507091","100.5698167882"
"2010000000","","2010îN","220","","50Å`54çŒ","","7,644,499","3,809,576","3,834,923","6.0154572839","2.9977558631","3.0177014208","99.3390480069"
"2010000000","","2010îN","230","","55Å`59çŒ","","8,663,734","4,287,489","4,376,245","6.8174934415","3.3738256666","3.4436677748","97.9718685768"
"2010000000","","2010îN","240","","60Å`64çŒ","","10,037,249","4,920,468","5,116,781","7.8983125784","3.8719169262","4.0263956521","96.1633495746"
"2010000000","","2010îN","250","","65Å`69çŒ","","8,210,173","3,921,774","4,288,399","6.46058623","3.0860444842","3.3745417457","91.4507721879"
"2010000000","","2010îN","260","","70Å`74çŒ","","6,963,302","3,225,503","3,737,799","5.4794232736","2.5381487414","2.9412745322","86.2941800776"
"2010000000","","2010îN","280","","75Å`79çŒ","","5,941,013","2,582,940","3,358,073","4.674983923","2.0325158309","2.6424680921","76.9173272885"
"2010000000","","2010îN","290","","80Å`84çŒ","","4,336,264","1,692,584","2,643,680","3.4122067206","1.3318945756","2.080312145","64.0237850269"
"2010000000","","2010îN","320","","85Å`89çŒ","","2,432,588","744,222","1,688,366","1.914203822","0.5856283911","1.3285754308","44.0794235373"
"2010000000","","2010îN","330","","90Å`94çŒ","","1,021,707","241,799","779,908","0.8039813747","0.1902716653","0.6137097093","31.0035286213"
"2010000000","","2010îN","340","","95Å`99çŒ","","296,756","55,739","241,017","0.233517336","0.0438610265","0.1896563094","23.1265844318"
"2010000000","","2010îN","350","","100Å`104çŒ","","41,318","5,598","35,720","0.0325131397","0.0044050669","0.0281080727","15.6718924972"
"2010000000","","2010îN","360","","105Å`109çŒ","","2,486","250","2,236","0.0019562337","0.000196725","0.0017595086","11.1806797853"
"2010000000","","2010îN","370","","110çŒà»è„","","78","3","75","0.0000613782","0.0000023607","0.0000590175","4"
"2010000000","","2010îN","380","","ÅiçƒåfÅj15çŒñ¢ñû","","16,803,444","8,602,329","8,201,115","13.2226323274","6.7691738388","6.4534584886","104.8921884402"
"2010000000","","2010îN","390","","ÅiçƒåfÅj15Å`64çŒ","","81,031,800","40,684,202","40,347,598","63.7639342406","32.0144039866","31.749530254","100.8342603195"
"2010000000","","2010îN","400","","ÅiçƒåfÅj65çŒà»è„","","29,245,685","12,470,412","16,775,273","23.0134334318","9.812968868","13.2004645638","74.3380569723"
"2015000000","","2015îN","100","","ëçêî","","127,094,745","61,841,738","65,253,007","100","48.5616425474","51.4383574525","94.77224245"
"2015000000","","2015îN","110","","ÇOÅ`ÇSçŒ","","4,987,706","2,550,921","2,436,785","3.9698080372","2.0303255019","1.9394825352","104.6838765012"
"2015000000","","2015îN","120","","ÇTÅ`ÇXçŒ","","5,299,787","2,714,591","2,585,196","4.2181991136","2.1605935012","2.0576056124","105.0052297775"
"2015000000","","2015îN","130","","10Å`14çŒ","","5,599,317","2,868,024","2,731,293","4.4566006155","2.2827136816","2.1738869338","105.0060905219"
"2015000000","","2015îN","150","","15Å`19çŒ","","6,008,388","3,085,416","2,922,972","4.7821878381","2.4557400205","2.3264478175","105.5574942216"
"2015000000","","2015îN","160","","20Å`24çŒ","","5,968,127","3,046,392","2,921,735","4.7501433588","2.4246800926","2.3254632662","104.2665402577"
"2015000000","","2015îN","170","","25Å`29çŒ","","6,409,612","3,255,717","3,153,895","5.1015294873","2.5912857561","2.5102437312","103.2284524373"
"2015000000","","2015îN","180","","30Å`34çŒ","","7,290,878","3,684,747","3,606,131","5.8029454989","2.9327587182","2.8701867806","102.1800650059"
"2015000000","","2015îN","190","","35Å`39çŒ","","8,316,157","4,204,202","4,111,955","6.6189841377","3.3462026209","3.2727815167","102.2433854456"
"2015000000","","2015îN","200","","40Å`44çŒ","","9,732,218","4,914,018","4,818,200","7.7460534435","3.9111583865","3.8348950569","101.9886679672"
"2015000000","","2015îN","210","","45Å`49çŒ","","8,662,804","4,354,877","4,307,927","6.8948869368","3.4661276578","3.428759279","101.0898513368"
"2015000000","","2015îN","220","","50Å`54çŒ","","7,930,296","3,968,311","3,961,985","6.3118701861","3.1584525836","3.1534176024","100.1596674394"
"2015000000","","2015îN","230","","55Å`59çŒ","","7,515,246","3,729,523","3,785,723","5.9815241661","2.96839677","3.013127396","98.5154751153"
"2015000000","","2015îN","240","","60Å`64çŒ","","8,455,010","4,151,119","4,303,891","6.7294998247","3.3039528732","3.4255469514","96.4503747887"
"2015000000","","2015îN","250","","65Å`69çŒ","","9,643,867","4,659,662","4,984,205","7.6757332382","3.708711712","3.9670215261","93.4885703938"
"2015000000","","2015îN","260","","70Å`74çŒ","","7,695,811","3,582,440","4,113,371","6.1252392103","2.8513306728","3.2739085375","87.0925574182"
"2015000000","","2015îN","280","","75Å`79çŒ","","6,276,856","2,787,417","3,489,439","4.995866516","2.21855707","2.777309446","79.8815225026"
"2015000000","","2015îN","290","","80Å`84çŒ","","4,961,420","1,994,326","2,967,094","3.9488865206","1.587321182","2.3615653385","67.2147899594"
"2015000000","","2015îN","320","","85Å`89çŒ","","3,117,257","1,056,641","2,060,616","2.4810828651","0.8410002382","1.6400826268","51.2779188359"
"2015000000","","2015îN","330","","90Å`94çŒ","","1,349,120","333,335","1,015,785","1.073789718","0.2653075305","0.8084821874","32.8155072185"
"2015000000","","2015îN","340","","95Å`99çŒ","","359,347","63,265","296,082","0.2860109655","0.0503537909","0.2356571745","21.3673914658"
"2015000000","","2015îN","350","","100Å`104çŒ","","57,847","7,991","49,856","0.0460415039","0.0063601856","0.0396813183","16.0281611039"
"2015000000","","2015îN","360","","105Å`109çŒ","","3,770","383","3,387","0.0030006131","0.0003048368","0.0026957763","11.3079421316"
"2015000000","","2015îN","370","","110çŒà»è„","","146","9","137","0.0001162041","0.0000071632","0.0001090408","6.5693430656"
"2015000000","","2015îN","380","","ÅiçƒåfÅj15çŒñ¢ñû","","15,886,810","8,133,536","7,753,274","12.6446077664","6.4736326848","6.1709750815","104.904534523"
"2015000000","","2015îN","390","","ÅiçƒåfÅj15Å`64çŒ","","76,288,736","38,394,322","37,894,414","60.7196248784","30.55875548","30.1608693984","101.3192129056"
"2015000000","","2015îN","400","","ÅiçƒåfÅj65çŒà»è„","","33,465,441","14,485,469","18,979,972","26.6357673551","11.5292543825","15.1065129725","76.3197595865"
"2020000000","","2020îN","100","","ëçêî","","126,146,099","61,349,581","64,796,518","100","48.49961","51.50039","94.68037"
"2020000000","","2020îN","110","","ÇOÅ`ÇSçŒ","","4,516,082","2,311,189","2,204,893","3.66523","1.87575","1.78948","104.82091"
"2020000000","","2020îN","120","","ÇTÅ`ÇXçŒ","","5,089,093","2,606,651","2,482,442","4.13028","2.11554","2.01474","105.0035"
"2020000000","","2020îN","130","","10Å`14çŒ","","5,350,517","2,742,131","2,608,386","4.34245","2.2255","2.11695","105.1275"
"2020000000","","2020îN","150","","15Å`19çŒ","","5,617,440","2,880,029","2,737,411","4.55908","2.33742","2.22167","105.20996"
"2020000000","","2020îN","160","","20Å`24çŒ","","5,931,306","3,017,869","2,913,437","4.81381","2.44929","2.36453","103.58449"
"2020000000","","2020îN","170","","25Å`29çŒ","","6,031,964","3,074,087","2,957,877","4.89551","2.49491","2.4006","103.92883"
"2020000000","","2020îN","180","","30Å`34çŒ","","6,484,594","3,297,031","3,187,563","5.26286","2.67585","2.58701","103.43422"
"2020000000","","2020îN","190","","35Å`39çŒ","","7,311,567","3,696,855","3,614,712","5.93403","3.00035","2.93368","102.27246"
"2020000000","","2020îN","200","","40Å`44çŒ","","8,291,077","4,189,446","4,101,631","6.72899","3.40013","3.32886","102.14098"
"2020000000","","2020îN","210","","45Å`49çŒ","","9,650,293","4,862,990","4,787,303","7.83212","3.94678","3.88535","101.58099"
"2020000000","","2020îN","220","","50Å`54çŒ","","8,539,851","4,277,003","4,262,848","6.93089","3.47119","3.4597","100.33206"
"2020000000","","2020îN","230","","55Å`59çŒ","","7,767,482","3,865,303","3,902,179","6.30404","3.13706","3.16699","99.05499"
"2020000000","","2020îN","240","","60Å`64çŒ","","7,297,190","3,592,903","3,704,287","5.92236","2.91598","3.00638","96.99311"
"2020000000","","2020îN","250","","65Å`69çŒ","","8,075,268","3,910,060","4,165,208","6.55384","3.17338","3.38046","93.8743"
"2020000000","","2020îN","260","","70Å`74çŒ","","9,011,795","4,249,286","4,762,509","7.31392","3.4487","3.86523","89.22368"
"2020000000","","2020îN","280","","75Å`79çŒ","","6,930,928","3,092,860","3,838,068","5.6251","2.51015","3.11495","80.58377"
"2020000000","","2020îN","290","","80Å`84çŒ","","5,296,728","2,196,093","3,100,635","4.29879","1.78234","2.51646","70.8272"
"2020000000","","2020îN","320","","85Å`89çŒ","","3,669,823","1,303,473","2,366,350","2.97841","1.05789","1.92052","55.08369"
"2020000000","","2020îN","330","","90Å`94çŒ","","1,779,016","491,303","1,287,713","1.44384","0.39874","1.0451","38.15314"
"2020000000","","2020îN","340","","95Å`99çŒ","","492,724","92,110","400,614","0.39989","0.07476","0.32514","22.99221"
"2020000000","","2020îN","350","","100Å`104çŒ","","73,008","9,051","63,957","0.05925","0.00735","0.05191","14.1517"
"2020000000","","2020îN","360","","105Å`109çŒ","","6,374","714","5,660","0.00517","0.00058","0.00459","12.61484"
"2020000000","","2020îN","370","","110çŒà»è„","","141","1","140","0.00011","0","0.00011","0.71429"
"2020000000","","2020îN","380","","ÅiçƒåfÅj15çŒñ¢ñû","","14,955,692","7,659,971","7,295,721","12.13796","6.21679","5.92117","104.99265"
"2020000000","","2020îN","390","","ÅiçƒåfÅj15Å`64çŒ","","72,922,764","36,753,516","36,169,248","59.1837","29.82895","29.35476","101.61537"
"2020000000","","2020îN","400","","ÅiçƒåfÅj65çŒà»è„","","35,335,805","15,344,951","19,990,854","28.67834","12.45388","16.22446","76.75986"
"2015000010","","2015îN_ïsè⁄ï‚äÆíl","100","","ëçêî","","127,094,745","61,841,738","65,253,007","100","48.65798","51.34202","94.77224"
"2015000010","","2015îN_ïsè⁄ï‚äÆíl","110","","ÇOÅ`ÇSçŒ","","5,011,156","2,563,489","2,447,667","3.94285","2.01699","1.92586","104.73193"
"2015000010","","2015îN_ïsè⁄ï‚äÆíl","120","","ÇTÅ`ÇXçŒ","","5,319,897","2,725,058","2,594,839","4.18577","2.14412","2.04166","105.01838"
"2015000010","","2015îN_ïsè⁄ï‚äÆíl","130","","10Å`14çŒ","","5,619,589","2,878,556","2,741,033","4.42157","2.26489","2.15668","105.0172"
"2015000010","","2015îN_ïsè⁄ï‚äÆíl","150","","15Å`19çŒ","","6,059,201","3,113,384","2,945,817","4.76747","2.44966","2.31781","105.6883"
"2015000010","","2015îN_ïsè⁄ï‚äÆíl","160","","20Å`24çŒ","","6,133,030","3,144,746","2,988,284","4.82556","2.47433","2.35123","105.23585"
"2015000010","","2015îN_ïsè⁄ï‚äÆíl","170","","25Å`29çŒ","","6,555,605","3,344,195","3,211,410","5.15805","2.63126","2.52678","104.13479"
"2015000010","","2015îN_ïsè⁄ï‚äÆíl","180","","30Å`34çŒ","","7,407,352","3,753,997","3,653,355","5.82821","2.9537","2.87451","102.75478"
"2015000010","","2015îN_ïsè⁄ï‚äÆíl","190","","35Å`39çŒ","","8,423,006","4,267,690","4,155,316","6.62734","3.35788","3.26946","102.70434"
"2015000010","","2015îN_ïsè⁄ï‚äÆíl","200","","40Å`44çŒ","","9,850,337","4,986,232","4,864,105","7.75039","3.92324","3.82715","102.51078"
"2015000010","","2015îN_ïsè⁄ï‚äÆíl","210","","45Å`49çŒ","","8,762,685","4,416,303","4,346,382","6.89461","3.47481","3.4198","101.60872"
"2015000010","","2015îN_ïsè⁄ï‚äÆíl","220","","50Å`54çŒ","","8,020,485","4,023,896","3,996,589","6.31063","3.16606","3.14457","100.68326"
"2015000010","","2015îN_ïsè⁄ï‚äÆíl","230","","55Å`59çŒ","","7,592,374","3,776,904","3,815,470","5.97379","2.97172","3.00207","98.98922"
"2015000010","","2015îN_ïsè⁄ï‚äÆíl","240","","60Å`64çŒ","","8,550,022","4,208,760","4,341,262","6.72728","3.31151","3.41577","96.94785"
"2015000010","","2015îN_ïsè⁄ï‚äÆíl","250","","65Å`69çŒ","","9,746,926","4,718,369","5,028,557","7.66902","3.71248","3.95654","93.83147"
"2015000010","","2015îN_ïsè⁄ï‚äÆíl","260","","70Å`74çŒ","","7,771,581","3,619,673","4,151,908","6.11479","2.84801","3.26678","87.18095"
"2015000010","","2015îN_ïsè⁄ï‚äÆíl","280","","75Å`79çŒ","","6,338,716","2,814,373","3,524,343","4.98739","2.21439","2.773","79.85525"
"2015000010","","2015îN_ïsè⁄ï‚äÆíl","290","","80Å`84çŒ","","5,009,960","2,012,729","2,997,231","3.94191","1.58364","2.35827","67.15295"
"2015000010","","2015îN_ïsè⁄ï‚äÆíl","320","","85Å`89çŒ","","3,143,243","1,065,789","2,077,454","2.47315","0.83858","1.63457","51.30265"
"2015000010","","2015îN_ïsè⁄ï‚äÆíl","330","","90Å`94çŒ","","1,357,059","335,642","1,021,417","1.06775","0.26409","0.80367","32.86043"
"2015000010","","2015îN_ïsè⁄ï‚äÆíl","340","","95Å`99çŒ","","360,667","63,556","297,111","0.28378","0.05001","0.23377","21.39133"
"2015000010","","2015îN_ïsè⁄ï‚äÆíl","350","","100Å`104çŒ","","57,937","8,004","49,933","0.04559","0.0063","0.03929","16.02948"
"2015000010","","2015îN_ïsè⁄ï‚äÆíl","360","","105Å`109çŒ","","3,771","384","3,387","0.00297","0.0003","0.00266","11.33747"
"2015000010","","2015îN_ïsè⁄ï‚äÆíl","370","","110çŒà»è„","","146","9","137","0.00011","0.00001","0.00011","6.56934"
"2015000010","","2015îN_ïsè⁄ï‚äÆíl","380","","ÅiçƒåfÅj15çŒñ¢ñû","","15,950,642","8,167,103","7,783,539","12.5502","6.426","6.1242","104.92789"
"2015000010","","2015îN_ïsè⁄ï‚äÆíl","390","","ÅiçƒåfÅj15Å`64çŒ","","77,354,097","39,036,107","38,317,990","60.86333","30.71418","30.14915","101.8741"
"2015000010","","2015îN_ïsè⁄ï‚äÆíl","400","","ÅiçƒåfÅj65çŒà»è„","","33,790,006","14,638,528","19,151,478","26.58647","11.51781","15.06866","76.4355"
"2020000010","","2020îN_ïsè⁄ï‚äÆíl","100","","ëçêî","","126,146,099","61,349,581","64,796,518","100","48.63375","51.36625","94.68037"
"2020000010","","2020îN_ïsè⁄ï‚äÆíl","110","","ÇOÅ`ÇSçŒ","","4,541,360","2,324,576","2,216,784","3.60008","1.84276","1.75731","104.86254"
"2020000010","","2020îN_ïsè⁄ï‚äÆíl","120","","ÇTÅ`ÇXçŒ","","5,114,175","2,619,882","2,494,293","4.05417","2.07686","1.9773","105.03505"
"2020000010","","2020îN_ïsè⁄ï‚äÆíl","130","","10Å`14çŒ","","5,376,067","2,755,578","2,620,489","4.26178","2.18443","2.07734","105.15511"
"2020000010","","2020îN_ïsè⁄ï‚äÆíl","150","","15Å`19çŒ","","5,706,306","2,927,618","2,778,688","4.52357","2.32082","2.20275","105.35972"
"2020000010","","2020îN_ïsè⁄ï‚äÆíl","160","","20Å`24çŒ","","6,319,959","3,233,994","3,085,965","5.01003","2.56369","2.44634","104.79685"
"2020000010","","2020îN_ïsè⁄ï‚äÆíl","170","","25Å`29çŒ","","6,384,151","3,279,149","3,105,002","5.06092","2.59949","2.46143","105.6086"
"2020000010","","2020îN_ïsè⁄ï‚äÆíl","180","","30Å`34çŒ","","6,713,773","3,431,250","3,282,523","5.32222","2.72006","2.60216","104.53087"
"2020000010","","2020îN_ïsè⁄ï‚äÆíl","190","","35Å`39çŒ","","7,498,375","3,805,952","3,692,423","5.9442","3.0171","2.9271","103.07465"
"2020000010","","2020îN_ïsè⁄ï‚äÆíl","200","","40Å`44çŒ","","8,476,244","4,298,675","4,177,569","6.71939","3.4077","3.31169","102.89896"
"2020000010","","2020îN_ïsè⁄ï‚äÆíl","210","","45Å`49çŒ","","9,868,454","4,993,896","4,874,558","7.82304","3.95882","3.86422","102.44818"
"2020000010","","2020îN_ïsè⁄ï‚äÆíl","220","","50Å`54çŒ","","8,738,079","4,394,401","4,343,678","6.92695","3.48358","3.44337","101.16774"
"2020000010","","2020îN_ïsè⁄ï‚äÆíl","230","","55Å`59çŒ","","7,940,132","3,966,900","3,973,232","6.29439","3.14469","3.14971","99.84063"
"2020000010","","2020îN_ïsè⁄ï‚äÆíl","240","","60Å`64çŒ","","7,442,392","3,676,742","3,765,650","5.89982","2.91467","2.98515","97.63897"
"2020000010","","2020îN_ïsè⁄ï‚äÆíl","250","","65Å`69çŒ","","8,236,274","3,999,342","4,236,932","6.52915","3.1704","3.35875","94.3924"
"2020000010","","2020îN_ïsè⁄ï‚äÆíl","260","","70Å`74çŒ","","9,188,550","4,336,923","4,851,627","7.28405","3.43802","3.84604","89.39111"
"2020000010","","2020îN_ïsè⁄ï‚äÆíl","280","","75Å`79çŒ","","7,064,625","3,146,183","3,918,442","5.60035","2.49408","3.10627","80.29168"
"2020000010","","2020îN_ïsè⁄ï‚äÆíl","290","","80Å`84çŒ","","5,403,785","2,231,780","3,172,005","4.28375","1.7692","2.51455","70.35865"
"2020000010","","2020îN_ïsè⁄ï‚äÆíl","320","","85Å`89çŒ","","3,742,060","1,324,348","2,417,712","2.96645","1.04985","1.9166","54.77691"
"2020000010","","2020îN_ïsè⁄ï‚äÆíl","330","","90Å`94çŒ","","1,810,690","499,112","1,311,578","1.43539","0.39566","1.03973","38.05431"
"2020000010","","2020îN_ïsè⁄ï‚äÆíl","340","","95Å`99çŒ","","500,308","93,447","406,861","0.39661","0.07408","0.32253","22.96779"
"2020000010","","2020îN_ïsè⁄ï‚äÆíl","350","","100Å`104çŒ","","73,806","9,117","64,689","0.05851","0.00723","0.05128","14.09359"
"2020000010","","2020îN_ïsè⁄ï‚äÆíl","360","","105Å`109çŒ","","6,393","715","5,678","0.00507","0.00057","0.0045","12.59246"
"2020000010","","2020îN_ïsè⁄ï‚äÆíl","370","","110çŒà»è„","","141","1","140","0.00011","0","0.00011","0.71429"
"2020000010","","2020îN_ïsè⁄ï‚äÆíl","380","","ÅiçƒåfÅj15çŒñ¢ñû","","15,031,602","7,700,036","7,331,566","11.91603","6.10406","5.81196","105.0258"
"2020000010","","2020îN_ïsè⁄ï‚äÆíl","390","","ÅiçƒåfÅj15Å`64çŒ","","75,087,865","38,008,577","37,079,288","59.52452","30.1306","29.39392","102.50622"
"2020000010","","2020îN_ïsè⁄ï‚äÆíl","400","","ÅiçƒåfÅj65çŒà»è„","","36,026,632","15,640,968","20,385,664","28.55945","12.39909","16.16036","76.72533"
